epoch,step,min,max,mean,std
1,10000,-17.0561580657959,-17.0561580657959,-17.0561580657959,0.0
