epoch,step,min,max,mean,std
1,10000,0.43431875109672546,0.43431875109672546,0.43431875109672546,0.0
