epoch,step,min,max,mean,std
1,10000,-0.15260928869247437,0.2956642210483551,0.0028212321922183037,0.05288214236497879
