epoch,step,min,max,mean,std
1,10000,-0.04681003466248512,0.03994641453027725,-0.00010321570152882487,0.003708582604303956
