epoch,step,min,max,mean,std
1,10000,-0.044181764125823975,0.03938993066549301,-0.0006177386967465281,0.012099930085241795
