epoch,step,min,max,mean,std
1,10000,-0.05645528435707092,0.020719900727272034,-0.012797674164175987,0.016140541061758995
