epoch,step,min,max,mean,std
1,10000,-0.1499614417552948,-0.1499614417552948,-0.1499614417552948,0.0
