epoch,step,min,max,mean,std
1,10000,-0.02820366807281971,-0.02820366807281971,-0.02820366807281971,0.0
