epoch,step,min,max,mean,std
1,10000,-0.1598113775253296,0.007136511150747538,-0.018820365890860558,0.028456920757889748
