epoch,step,min,max,mean,std
1,10000,-0.15061011910438538,0.29603055119514465,0.0009483294561505318,0.0306229405105114
