epoch,step,min,max,mean,std
1,10000,0.054233551025390625,0.054233551025390625,0.054233551025390625,0.0
