epoch,step,min,max,mean,std
1,10000,-22.025646209716797,9.055824279785156,-0.02940438874065876,2.5341742038726807
