epoch,step,min,max,mean,std
1,10000,-0.5173456072807312,0.6456831693649292,0.008690306916832924,0.08273862302303314
