epoch,step,min,max,mean,std
1,10000,-22.049915313720703,23.94092559814453,0.21206660568714142,3.54026198387146
