epoch,step,min,max,mean,std
1,10000,-0.27978840470314026,0.15929143130779266,-0.01617739349603653,0.05146700143814087
