epoch,step,min,max,mean,std
1,10000,-1.3767611980438232,1.7746200561523438,0.3159158229827881,0.4628005921840668
