epoch,step,min,max,mean,std
1,10000,-14.700035095214844,27.41238784790039,0.3259362578392029,3.434009075164795
