epoch,step,min,max,mean,std
1,10000,-4.212949752807617,3.9367852210998535,-0.1045999601483345,1.269986629486084
