epoch,step,min,max,mean,std
1,10000,-0.4804231822490692,0.4315530061721802,-0.001371924765408039,0.06462863832712173
