epoch,step,min,max,mean,std
1,10000,-0.36096763610839844,0.2456643283367157,-0.017137888818979263,0.15696245431900024
