epoch,step,min,max,mean,std
1,10000,-1.9161858558654785,1.1974302530288696,-0.29073819518089294,0.5404021143913269
