epoch,step,min,max,mean,std
1,10000,0.5019885897636414,0.5019885897636414,0.5019885897636414,0.0
